{
  "base": {
    "0.5": {
      "recall_at_k": {
        "1": 1.0,
        "3": 1.0,
        "5": 1.0
      },
      "precision_at_k": {
        "1": 1.0,
        "3": 1.0,
        "5": 1.0
      },
      "mrr_at_k": {
        "1": 1.0,
        "3": 1.0,
        "5": 1.0
      },
      "f1_at_k": {
        "1": 1.0,
        "3": 1.0,
        "5": 1.0
      },
      "avg_top1_similarity": 0.9319472229422195
    },
    "0.6": {
      "recall_at_k": {
        "1": 1.0,
        "3": 1.0,
        "5": 1.0
      },
      "precision_at_k": {
        "1": 1.0,
        "3": 1.0,
        "5": 1.0
      },
      "mrr_at_k": {
        "1": 1.0,
        "3": 1.0,
        "5": 1.0
      },
      "f1_at_k": {
        "1": 1.0,
        "3": 1.0,
        "5": 1.0
      },
      "avg_top1_similarity": 0.9319472229422195
    },
    "0.7": {
      "recall_at_k": {
        "1": 1.0,
        "3": 1.0,
        "5": 1.0
      },
      "precision_at_k": {
        "1": 1.0,
        "3": 1.0,
        "5": 1.0
      },
      "mrr_at_k": {
        "1": 1.0,
        "3": 1.0,
        "5": 1.0
      },
      "f1_at_k": {
        "1": 1.0,
        "3": 1.0,
        "5": 1.0
      },
      "avg_top1_similarity": 0.9319472229422195
    },
    "0.8": {
      "recall_at_k": {
        "1": 1.0,
        "3": 1.0,
        "5": 1.0
      },
      "precision_at_k": {
        "1": 1.0,
        "3": 1.0,
        "5": 1.0
      },
      "mrr_at_k": {
        "1": 1.0,
        "3": 1.0,
        "5": 1.0
      },
      "f1_at_k": {
        "1": 1.0,
        "3": 1.0,
        "5": 1.0
      },
      "avg_top1_similarity": 0.9319472229422195
    },
    "0.9": {
      "recall_at_k": {
        "1": 0.9434215622982569,
        "3": 0.9434215622982569,
        "5": 0.9434215622982569
      },
      "precision_at_k": {
        "1": 0.9434215622982569,
        "3": 0.9434215622982569,
        "5": 0.9434215622982569
      },
      "mrr_at_k": {
        "1": 0.9434215622982569,
        "3": 0.9434215622982569,
        "5": 0.9434215622982569
      },
      "f1_at_k": {
        "1": 0.9434215622982569,
        "3": 0.9434215622982569,
        "5": 0.9434215622982569
      },
      "avg_top1_similarity": 0.9345876699886876
    }
  },
  "d4_version": {
    "0.5": {
      "recall_at_k": {
        "1": 1.0,
        "3": 1.0,
        "5": 1.0
      },
      "precision_at_k": {
        "1": 1.0,
        "3": 1.0,
        "5": 1.0
      },
      "mrr_at_k": {
        "1": 1.0,
        "3": 1.0,
        "5": 1.0
      },
      "f1_at_k": {
        "1": 1.0,
        "3": 1.0,
        "5": 1.0
      },
      "avg_top1_similarity": 0.9389147331188353
    },
    "0.6": {
      "recall_at_k": {
        "1": 1.0,
        "3": 1.0,
        "5": 1.0
      },
      "precision_at_k": {
        "1": 1.0,
        "3": 1.0,
        "5": 1.0
      },
      "mrr_at_k": {
        "1": 1.0,
        "3": 1.0,
        "5": 1.0
      },
      "f1_at_k": {
        "1": 1.0,
        "3": 1.0,
        "5": 1.0
      },
      "avg_top1_similarity": 0.9389147331188353
    },
    "0.7": {
      "recall_at_k": {
        "1": 1.0,
        "3": 1.0,
        "5": 1.0
      },
      "precision_at_k": {
        "1": 1.0,
        "3": 1.0,
        "5": 1.0
      },
      "mrr_at_k": {
        "1": 1.0,
        "3": 1.0,
        "5": 1.0
      },
      "f1_at_k": {
        "1": 1.0,
        "3": 1.0,
        "5": 1.0
      },
      "avg_top1_similarity": 0.9389147331188353
    },
    "0.8": {
      "recall_at_k": {
        "1": 1.0,
        "3": 1.0,
        "5": 1.0
      },
      "precision_at_k": {
        "1": 1.0,
        "3": 1.0,
        "5": 1.0
      },
      "mrr_at_k": {
        "1": 1.0,
        "3": 1.0,
        "5": 1.0
      },
      "f1_at_k": {
        "1": 1.0,
        "3": 1.0,
        "5": 1.0
      },
      "avg_top1_similarity": 0.9389147331188353
    },
    "0.9": {
      "recall_at_k": {
        "1": 0.9670755326016786,
        "3": 0.9670755326016786,
        "5": 0.9670755326016786
      },
      "precision_at_k": {
        "1": 0.9670755326016786,
        "3": 0.9670755326016786,
        "5": 0.9670755326016786
      },
      "mrr_at_k": {
        "1": 0.9670755326016786,
        "3": 0.9670755326016786,
        "5": 0.9670755326016786
      },
      "f1_at_k": {
        "1": 0.9670755326016786,
        "3": 0.9670755326016786,
        "5": 0.9670755326016786
      },
      "avg_top1_similarity": 0.9406606342061227
    }
  }
}